{"name":"5bdc72f9-9952-4622-ab05-3f024a4b9fec","id":"/providers/Microsoft.Flow/flows/5bdc72f9-9952-4622-ab05-3f024a4b9fec","type":"Microsoft.Flow/flows","properties":{"apiId":"/providers/Microsoft.PowerApps/apis/shared_logicflows","displayName":"Send Reminder Email To Opportunity Owner","definition":{"metadata":{"workflowEntityId":null,"creator":{"id":"587bb649-cf81-4b0b-b2fd-1b05211db66a","type":"User","tenantId":"65f6b83b-8c95-4410-969d-0f8eca305406"},"provisioningMethod":"FromDefinition","failureAlertSubscription":true,"clientLastModifiedTime":"2020-07-06T05:44:41.2594582Z"},"$schema":"https://schema.management.azure.com/providers/Microsoft.Logic/schemas/2016-06-01/workflowdefinition.json#","contentVersion":"1.0.0.0","parameters":{"$connections":{"defaultValue":{},"type":"Object"},"$authentication":{"defaultValue":{},"type":"SecureObject"}},"triggers":{"Recurrence":{"recurrence":{"frequency":"Day","interval":1,"startTime":"2020-07-04T22:30:00.000Z"},"type":"Recurrence"}},"actions":{"List_records":{"runAfter":{},"metadata":{"flowSystemMetadata":{"swaggerOperationId":"GetItems_V2"}},"type":"ApiConnection","inputs":{"host":{"connection":{"name":"@parameters('$connections')['shared_commondataservice']['connectionId']"},"api":{"runtimeUrl":"https://unitedstates-002.azure-apim.net/apim/commondataservice"}},"method":"get","path":"/v2/datasets/@{encodeURIComponent(encodeURIComponent('orgaab9a23e.crm'))}/tables/@{encodeURIComponent(encodeURIComponent('opportunities'))}/items","queries":{"$filter":"modifiedon le '@{addDays(utcnow('yyyy-MM-ddTHH:mm:ssZ'),-10)}'"},"authentication":"@parameters('$authentication')"}},"Initialize_variable":{"runAfter":{"List_records":["Succeeded"]},"type":"InitializeVariable","inputs":{"variables":[{"name":"Owner","type":"array"}]}},"Initialize_variable_2":{"runAfter":{"Initialize_variable":["Succeeded"]},"type":"InitializeVariable","inputs":{"variables":[{"name":"Table","type":"array"}]}},"Apply_to_each":{"foreach":"@body('List_records')?['value']","actions":{"Append_to_array_variable":{"runAfter":{},"type":"AppendToArrayVariable","inputs":{"name":"Owner","value":"@items('Apply_to_each')?['_ownerid_value']"}}},"runAfter":{"Initialize_variable_2":["Succeeded"]},"type":"Foreach"},"Apply_to_each_2":{"foreach":"@union(variables('Owner'),variables('Owner'))","actions":{"Apply_to_each_3":{"foreach":"@body('List_records')?['value']","actions":{"Condition":{"actions":{"Append_to_array_variable_2":{"runAfter":{},"type":"AppendToArrayVariable","inputs":{"name":"Table","value":{"Topic":"@items('Apply_to_each_3')?['name']","ModifiedOn":"@items('Apply_to_each_3')?['modifiedon']"}}}},"runAfter":{},"expression":{"equals":["@items('Apply_to_each_2')","@items('Apply_to_each_3')?['_ownerid_value']"]},"type":"If"}},"runAfter":{},"type":"Foreach"},"Create_HTML_table":{"runAfter":{"Apply_to_each_3":["Succeeded"]},"type":"Table","inputs":{"from":"@variables('Table')","format":"HTML"}},"Compose":{"runAfter":{"Create_HTML_table":["Succeeded"]},"type":"Compose","inputs":"@replace(body('Create_Html_Table'),'<table>','<table border=\"1\" style=\"border-collapse:collapse\">')"},"Get_record":{"runAfter":{"Compose":["Succeeded"]},"metadata":{"flowSystemMetadata":{"swaggerOperationId":"GetItem_V2"}},"type":"ApiConnection","inputs":{"host":{"connection":{"name":"@parameters('$connections')['shared_commondataservice']['connectionId']"},"api":{"runtimeUrl":"https://unitedstates-002.azure-apim.net/apim/commondataservice"}},"method":"get","path":"/v2/datasets/@{encodeURIComponent(encodeURIComponent('orgaab9a23e.crm'))}/tables/@{encodeURIComponent(encodeURIComponent('systemusers'))}/items/@{encodeURIComponent(encodeURIComponent(items('Apply_to_each_2')))}","authentication":"@parameters('$authentication')"}},"Send_email_(V2)":{"runAfter":{"Get_record":["Succeeded"]},"metadata":{"flowSystemMetadata":{"swaggerOperationId":"SendEmailV2"}},"type":"ApiConnection","inputs":{"host":{"connection":{"name":"@parameters('$connections')['shared_gmail']['connectionId']"},"api":{"runtimeUrl":"https://unitedstates-002.azure-apim.net/apim/gmail"}},"method":"post","body":{"To":"@body('Get_record')?['internalemailaddress']","Subject":"List of opportunity records that have not been modified in 10 days.","Body":"<p>Hi @{body('Get_record')?['firstname']},<br>\n<br>\nList of opportunity records that have not been modified in 10 days.<br>\n@{outputs('Compose')}<br>\n<br>\nThanks.</p>"},"path":"/v2/Mail","authentication":"@parameters('$authentication')"}},"Set_variable":{"runAfter":{"Send_email_(V2)":["Succeeded"]},"type":"SetVariable","inputs":{"name":"Table","value":[]}}},"runAfter":{"Apply_to_each":["Succeeded"]},"type":"Foreach"}}},"connectionReferences":{"shared_commondataservice":{"connectionName":"shared-commondataser-d6f6e50c-6551-4073-95f5-9add09fbfe76","source":"Embedded","id":"/providers/Microsoft.PowerApps/apis/shared_commondataservice","tier":"NotSpecified"},"shared_gmail":{"connectionName":"shared-gmail-d3bbcacc-2ca5-4565-899f-191654a89e22","source":"Embedded","id":"/providers/Microsoft.PowerApps/apis/shared_gmail","tier":"NotSpecified"}},"flowFailureAlertSubscribed":false}}